txt,label,correct_label,,,,,used_intents,intents
Sobre a febre quero entender,request_inform,,,,,,inform,inform
Mais isso já faz um mês e meio,inform,,,,,,inform_symptoms,inform_symptoms
E pra tosse?,request_inform,,,,,,inform_medicine,inform_medicine
Quando eu viro para o outro lado da cama acelera,request_inform,,,,,,greeting,greeting
Quero saber o que devemos tomar,request_inform,,,,,,request_inform,request_inform
São quantos dias,request_inform,,,,,,,unknown
Tendo todos os ciodados,inform,,,,,,,
Não . Tomei logo um remedio,inform,,,,,,,
Na terça,,,,,,,,
Nessa doença,,,,,,,,
2 dias no máximo ..ainda tenho o antibiótico pra tomar,,,,,,,,
Estou preocupada com meu esposo . Hoje ele passou o dia todo deitado sem força pra levantar,,,,,,,,
Tenho medo,,,,,,,,
Sim tenho tomado de 66,,,,,,,,
Estes problemas de fígado,,,,,,,,
MuitA,,,,,,,,
Ontem estava febril,,,,,,,,
Ele acha q está assintomáticos. Mas está com uma tosse seca,,,,,,,,
Agora estou sentindo só pelo final do dia,,,,,,,,
2 anos atrás,,,,,,,,
"Boa noite. Faz alguns dias que eu sinto uma dificuldade para respirar. Melhorou quando fiz o uso de ipratrópio com soro fisiológico no aerosol, mas depois minhas amigdalas começaram a inflamar, de forma que dificulta a respiração. Hoje comecei a sentir algumas dores atrás do esterno e na axila esquerda.",,,,,,,,
Cansada em movimentar  nao,,,,,,,,
15 por 8,,,,,,,,
"Desconforto na respiração com dores na costa altura do peito, meio tonto e garganta inflamada",,,,,,,,
pois ta certo obrigado  mais um vez,,,,,,,,
Aí ele se rolou que molhou o lençol todinho,,,,,,,,
"Estou com 7 dias hj ainda posso transmitir, pois moro com meus avós",,,,,,,,
Tenho q ficar em isolamento quantos dias?,,,,,,,,
E o mais prox,,,,,,,,
Deus abençoe vocês e cuide de vcs por estarem na linha de frente,,,,,,,,
Ate aqui o Senhor nos tem ajudado. Obrigada Deus proteja nós  e sia familia em especial vc e td esse exercito de anjos guerreiros da saude.,,,,,,,,
"Oi bom dia enfermeiro, desde ja meus parabéns pelo o serviço prestado pela as vidas das pessoas",,,,,,,,
"Boa tarde Pela manhã sintie,dor de garganta,o meu nariz amanheceu  escorrendo, dor de cabeça",,,,,,,,
"Sim, irei na segunda lá",,,,,,,,
Sentindo fraco quando levanto da cama,,,,,,,,
Aqui perto,,,,,,,,
"Variando entre 37,4 e 37,6",,,,,,,,
Mas prefiro ir a Fortaleza,,,,,,,,
Na segunda surgiu uma dor no corpo e moleza,,,,,,,,
Não só isso mesmo muito obrigado,,,,,,,,
Mas mesmo sendo sintomas leves como vc falou?,,,,,,,,
Ou vai variar de organismo pra organismo?,,,,,,,,
"O hospital que trabalho, notificou o caso ao sesmit e após sete dias irá me ligar alguém pra marcar ainda a data do exame",,,,,,,,
Pq minha neta mora comigo,,,,,,,,
"Não, obrigado pela atenção",,,,,,,,
Mas isso está me angustiando muito,,,,,,,,
Ele está domando só quando está com a temperatura do corpo quente sem ainda ter dado a febre mesmo,,,,,,,,
Um pouco cansada ainda,,,,,,,,
"Eu tenho problemas de pressão baixa, então hoje tentei fazer o almoço mas senti minha vista escurecer e quase caia perto do fogão.",,,,,,,,
So o Neosoro msm,,,,,,,,
Espero melhorar logo entao,,,,,,,,
Sábado começou o desconforto na respiração,,,,,,,,
Acho que vou fazer o exame. Tenho 55 anos e sou hipertensa...Nervosa...,,,,,,,,
Oi eu estou com gripe  nariz escorrendo um pouco de febre,,,,,,,,
"Estou bem apenas com folego curto, mas estou me cuidando e me alimentando bem",,,,,,,,
Um médico amigo meu,,,,,,,,
"Prq assim, meu tio é do grupo de alto risco, não tenho contato com ele, ele mora na messejana e foi diagnosticado ontem com COVID, os remédios que foram passados para ele foram praricamente os mesmos que lhe informei que estou tomando, menos o PULMICORT...",,,,,,,,
Entendi. Eu vou iniciar o isolamento dentro de casa imensamente. Mas comigo mora minha vó de 77 ano e minha filha de 7 anos que tem asma e já teve pneumonia 7 vezes. Elas não apresentam nenhum sintoma . Mesmo assim devo me preocupar por elas terem tido contato comigo até agora?,,,,,,,,
Muito obg por me  informar,,,,,,,,
Sim..sabado,,,,,,,,
Tomei de manhã,,,,,,,,
GRACAS A DEUS N TENHO FEBRE,,,,,,,,
Eu posso tomar azitromicina,,,,,,,,
Somente quando começa a falar surge uma tosse,,,,,,,,
Nossa! Pq?,,,,,,,,
Você tem como informar se na rede pública estão realizando testes rápidos ou apenas o pcr?,,,,,,,,
Sou alérgico a vários remédio,,,,,,,,
"""Bom, eu não tenho certeza se estive realmente em contato com pessoas infectadas, mas veio uma amiga minha e ela relatou que o irmão dela (21 anos) e o pai (acima de 30 anos), estavam sentindo febre a exatas duas semanas, febre direto.  E essa minha amiga não apresentou sintomas, pelo menos não no dia que ela veio.  Será que por mais que eu tenha """"entrado"""" em contato eu deveria fazer um teste pra saber?!""",,,,,,,,
To muito nervosa,,,,,,,,
E ela até ontem,,,,,,,,
Olha tem momentos q sinto,,,,,,,,
É de alto risco,,,,,,,,
Esses dias,,,,,,,,
Tô tendo que fazer isso sentada e bem lentamente,,,,,,,,
Pra tirar essas coisas da minha cabeça,,,,,,,,
ok obgd,,,,,,,,
Dia 30 de abril.,,,,,,,,
Nariz entopi,,,,,,,,
Eu sou Edson,,,,,,,,
To aqui desesperada achando q to com convid,,,,,,,,
Na emergência não esperei pra mostrar o exame pq fiquei com muito medo de ficar lá,,,,,,,,
Com quem falei?,,,,,,,,
Diarreia,,,,,,,,
"Mais alguma coisa , alguma recomendação?",,,,,,,,
Ele tem.67 anos,,,,,,,,
Um ótimo dia pra vc tbm!,,,,,,,,
Com a fraqueza,,,,,,,,
Nao sentem gosto nem cheiro,,,,,,,,
Mas graças a Deus não tive nenhuma reação ruim após o uso,,,,,,,,
Hoje é o terceiro,,,,,,,,
Toma todos os dias,,,,,,,,
Ver Tô,,,,,,,,
Sensaçao de desmaio,,,,,,,,
Não.... Assim tenho 9 tipos de alergias,,,,,,,,
Em que temperatura tomo o remedio?,,,,,,,,
Ele mesmo está com medo de atendimento medico,,,,,,,,
E o Piemonte posso ou não tomar .,,,,,,,,
Indica algum remédio?,,,,,,,,
Há tenho tanto medo,,,,,,,,
Espero que isso acabe logo,,,,,,,,
Pra ir,,,,,,,,
Tô com medo de contamina minha tia que cuida de mim,,,,,,,,
Creio que começou segunda feira passada com uma falta de ar pela tarde,,,,,,,,
Água de Coco posso tbm ?,,,,,,,,
Garganta como se tivesse bloqueada,,,,,,,,
Semana passada senti 2 dias de fortes dores na nuca,,,,,,,,
eu queria tirar duvidas sobre os sintomas da covid-19,,,,,,,,
"Mas, não soube responder",,,,,,,,
Ou melhor no posto,,,,,,,,
36.5 de manhã,,,,,,,,
Moleza no corpo e dor de garganta,,,,,,,,
Não fui. Estou em casa,,,,,,,,
"Estou me concentrando muito na respiração, queria saber se isso pode estar ajudando à piorar",,,,,,,,
Neosoro,,,,,,,,
De gripe sim,,,,,,,,
Ontem meu alfato começou ficar falho,,,,,,,,
"Oi, eu tenho me sentido mal faz uns quatro dias, como tenho asma, imagino que seja uma gripe comum ou crise alérgica",,,,,,,,
"Fica só pesada a respiração, aí paro um pouco, coloco neosoro e vai melhorando",,,,,,,,
O quadro foi colocado como renite,,,,,,,,
"E como ele tem 64 anos, evito ficar perto dele,",,,,,,,,
E tomo todo cuidado,,,,,,,,
Durante esses dias fiquei como se estivesse depressiva,,,,,,,,
Pouco de cansaco e fraqueza.,,,,,,,,
Só mesmo ontem a noite e na sexta a noite tb,,,,,,,,
"Entre 37,8 e 38,2",,,,,,,,
Sabe q tem q ficar em casa,,,,,,,,
Ela tem plano,,,,,,,,
Se não me falha a memória,,,,,,,,
Posso fazer nebulização ?,,,,,,,,
Né verdade ????,,,,,,,,
Que eu lembre,,,,,,,,
Renite e sinusite,,,,,,,,
Bebo muita água,,,,,,,,
Na minha casa tenho 3 crianças,,,,,,,,
É recomendável fazer o teste depois de quantoos dias?,,,,,,,,
ESSA TOSSE COM CATARRO,,,,,,,,
"e fiquei tomando o anticoncepcional pra controlar estava namorando, mas ñ estou e qdo eu comecei a sentir um mal estar parei de tomar",,,,,,,,
Tusso às vezes e sem secreção,,,,,,,,
Tá com 6 anos que eu fiz a cirurgia,,,,,,,,
Vou ver com minha chefe,,,,,,,,
Uns 4min da minha casa..,,,,,,,,
Mas pode serpor causa da febre tanbem,,,,,,,,
Acho que isso contribui pra algumas coisa que eu sinto hoje,,,,,,,,
"A minha é de 37,4 não passou disso e só senti uma vez",,,,,,,,
Mas estou sob efeito de paracetamol a cada 6hs,,,,,,,,
"Na coluna ,nas costelas,até a pele do corpo sinto muito dolorida",,,,,,,,
Precisa puxar mais um pouco de ar.,,,,,,,,
"Um pouco preocupado por conta dos meus pais que estão dentro da zona de risco, mas dentro do que possível estou isolado.",,,,,,,,
Porem n fiz exames,,,,,,,,
Alerg9as alimentares,,,,,,,,
Espero que nao seja preciso. Boa Noite,,,,,,,,
Eu acho que falta oxigênio na minha cabeça,,,,,,,,
"Tenho que usar outro celular, como faço?",,,,,,,,
Mas não no nível que estou nesse momento,,,,,,,,
"Depois disso ela passou a falar coisas sem sentido por exemplo, que tinha ligado para o mercantil proximo pedindo um garrafao d'agua, sendo que nao pediu",,,,,,,,
Sou filho dela e trabalho em hospital.,,,,,,,,
Muito ansiosa não consigo dormir a noite.  Sinto muito angústia tem dias. Sempre fui muito preocupada.,,,,,,,,
tenho outra pergunta,,,,,,,,
Mas ainda fraco,,,,,,,,
"Me sinto cheio, como se fosse gases",,,,,,,,
Sai pra alguns lugares no interior estou com medo de estar com covdi19,,,,,,,,
Hoje pq me senti mal e levei uma queda,,,,,,,,
Dia 30/04 eu já sentia febre e dor no corpo,,,,,,,,
Tenho 40 anos,,,,,,,,
Mas dentro de casa tenho q cuidar dele,,,,,,,,
"Tem possibilidade de ser algum processo alérgico? Os sintomas do covid nos tivemos,eu apresentei até primeiro que ela, mas antes disso ela já estava com tosse persistente",,,,,,,,
Na Quarta,,,,,,,,
"Quase todo dia, mas não é toda hora",,,,,,,,
Eu já tive há anos atrás 3 anos consecutivos de pneumonia,,,,,,,,
Caso ela tenha febre posso dar paracetamol? Os postos só atendem amanhã,,,,,,,,
"No dia 16 de abril senti os primeiros sintomas, fui na UPA, fiz exame de sangue e minha plaquetas deram no limite 150000. Fiquei em casa até o dia 26 e voltei para trabalhar no dia 27. Acredito que a dengue já estava curada.",,,,,,,,
Há realmente a possibilidade de que esses sintomas sejam relativos ao covid?,,,,,,,,
Ate pq pode nao ser,,,,,,,,
Só mal estar,,,,,,,,
Ela tem problemas de diabete e hipertensa,,,,,,,,
"E ja melhoro , pq eu tava achando que eu ia morrer",,,,,,,,
Não fui a nenhum médico,,,,,,,,
Pq tô assustado com a taxa de infecção em upas,,,,,,,,
DEUS tenha misericórdia de nós pq saúde pública não existe mais por isso se alastrou,,,,,,,,
Ele sente um cansaço as vezes e noto que puxa bem o ar quando ele pouco anda,,,,,,,,
Mais d 15,,,,,,,,
Como eu falei por dentro sim,,,,,,,,
Ele disse q a garganta não está tão inflamada mas sente incômodo,,,,,,,,
Todos os dias,,,,,,,,
Respirando normal,,,,,,,,
Não consigo respira pelo nariz só pela boca,,,,,,,,
Agora o q mais incomoda é sentir o gosto das coisas e nem o cheiro,,,,,,,,
Um pouco de cansaço,,,,,,,,
Já estou fazendo isolamento  Mas moro em apartamento pequeno Minha filha pequena so quer tá em cima de mim. Ta difícil me isolar aqui. Mas estou tentando Estou de máscara todo o tempo tbm,,,,,,,,
Pergunto se o meu quadro pode sair de leve para moderado...,,,,,,,,
Posso tomar AS,,,,,,,,
Vai demorar muito pra voltar a sentir cheiro,,,,,,,,
Só um pouco de momeza no corpo,,,,,,,,
Ela disse que não,,,,,,,,
Tá sem se alimentar,,,,,,,,
Quase o tempo todo. Ela passa alguns minutos depois vem e tenho que puxar muito o ar pra conseguir a inspiração completa,,,,,,,,
Tomei Dipirona e multigripe,,,,,,,,
Fora essa cobrança e exaustão por esse motivo,,,,,,,,
Entre 38º e 39º,,,,,,,,
Meu maior medo é com a saúde das minhas duas filhas,,,,,,,,
Quero estar deitado 24h00,,,,,,,,
"Queria, mas eu não sei como",,,,,,,,
E a mais nova,,,,,,,,
"Não, não cheguei a procurar atendimento médico",,,,,,,,
Conjunto esperança,,,,,,,,
Estão fazendo muito pouco,,,,,,,,
"estou indo ne, melhor se nao tivesse com essa perca de olfato e paladar",,,,,,,,
Pra conseguir agendar a consulta?,,,,,,,,
Posso passar álcool em gel no rosto?,,,,,,,,
Na entubação,,,,,,,,
"Tá, mas já venho fazendo isso",,,,,,,,
Existe algum protocolo desse atendimento?,,,,,,,,
"Cuido da minha mãe,  idosa tem problema de mal de parkson",,,,,,,,
Todos os posto de saúde estão atendendo?,,,,,,,,
Tá passando,,,,,,,,
Azitromicina 500,,,,,,,,
Nariz ecorrendo sem tose,,,,,,,,
"Preciso retornar ao médico, pois trabalho e preciso levar o atestado.",,,,,,,,
"Eu estou com dúvidas pq eu tenho uns problemas pra liberar gases por aroto e esse dias eu não tenho conseguido, já tomei água com gás, e faz uns 4 dias que não estava conseguindo ir ao banheiro, mas hoje consegui, mas ainda sinto a falta de ar e o cansaço",,,,,,,,
Só quem mim passa medicação é o clínico mesmo,,,,,,,,
Tenho problema renal,,,,,,,,
Mas a dois dias atras eu tirei e deu 38.2,,,,,,,,
Então devo ir no posto pegar o atestado e ficar em casa?,,,,,,,,
Mais de mês,,,,,,,,
Vai prejudicar o tratamento porque não estou tomando o tamiflu?,,,,,,,,
Só que nesse o uso aparece como pediátrico tbem e acima de 6 anos,,,,,,,,
Estou tossindo,,,,,,,,
Já conversei e não dou jeito,,,,,,,,
Pressão alta 15.9,,,,,,,,
Ando tentando me controlar,,,,,,,,
Esrou me sentindo melhor,,,,,,,,
"Sim, pra ele não desidratar.",,,,,,,,
"Sim, lantus (no jejum) 58 UI",,,,,,,,
Os postos também não está recebendo ninguém,,,,,,,,
hoje estou bem só com a garganta coçando,,,,,,,,
ele teve contato com uma moça próxima q teve confirmação de corona tambem,,,,,,,,
em repouso,,,,,,,,
O médico passou um remédio que não dá no posto,,,,,,,,
Hj está reclamando muito de dor no peito esquerdo na parte superior,,,,,,,,
Confirmado não,,,,,,,,
"Moderada, mas muito seca",,,,,,,,
Me responde,,,,,,,,
Veio intensificar a dor no corpo ontem e hoje...mas da dor da garganta estou melhor,,,,,,,,
Tomei as 10 hrs,,,,,,,,
só preciso de algumas orientações,,,,,,,,
não faço  uso de nenhum tipo de medicamento,,,,,,,,
Umas 2 vez apenas,,,,,,,,
"Acho que preferia que o covid19 me leva, porque, com 53 anos estou perdendo tudo, meu comércio e meu ganha pão, vivo do que produz, e a um ano atrás perdi o amor da minha vida, meu companheiro, depois de 35 anos juntos, e agora estou isolada com alguns sintomas dessa doença horrível, tenho dois filhos, que não precisam mais de mim pra viver,",,,,,,,,
Só posso tomar dipirona se caso tiver febre,,,,,,,,
Posos tomar bromazepan?,,,,,,,,
"Tive uma gripe a uns dias atrás que durou uns 3 dias, porém ainda estou sem sentir gosto e cheiro",,,,,,,,
So quando fico doente só quando fico engripado,,,,,,,,
Tô com vírus?,,,,,,,,
Eu já estava passando álcool em tudo antes,,,,,,,,
Fico pensando,,,,,,,,
Posto não tinha medico pra atender só enfermeiro,,,,,,,,
"não , as vezes sinto a respiração ofegar quando vou tomar banho",,,,,,,,
Qual tipo de xarope posso tomar pra aliviar a tosse,,,,,,,,
"Durante o dia estava 35, 36",,,,,,,,
Mas eu estava treinando quase todos os dias msm quando não estava tão disposta pra isso,,,,,,,,
a dierra,,,,,,,,
Ou falso positivo,,,,,,,,
Só que aqui não tinha termômetro pra medir,,,,,,,,
Quanto eu me levanto,,,,,,,,
E minha pressão normalmente é baixa,,,,,,,,
Entendo...!,,,,,,,,
Faço o que,,,,,,,,
"Sinto dificuldade em respirar, posso tomar aerosol?",,,,,,,,
Pijama e com meias,,,,,,,,
É bem próximo daqui,,,,,,,,
"Sim, estou cuidado dele..",,,,,,,,
Nao. Mas sinto a respiracao ofegantes,,,,,,,,
Eu ainda sinto um pouco de cansaço mas é muito pouco mesmo,,,,,,,,
ainda não,,,,,,,,
Mais estou melhor hoje sim,,,,,,,,
Mandaram tomar remédio voltar caso a febre voltasse,,,,,,,,
Há dois dias não consigo sentir cheiro e nem sabor dos alimentos? O que eu tenho?,,,,,,,,
"Sim, só que não é sem parar",,,,,,,,
O posto faz exame?,,,,,,,,
Quando fico nervosa,,,,,,,,
Sinto indisposição,,,,,,,,
Uma pontada no lado esquerdo do peito,,,,,,,,
Um pouco depois volta.,,,,,,,,
indisposição.,,,,,,,,
Eu espirrei no primeiro dia e tossi com catarro mais não é constante,,,,,,,,
Fiquei em isolamento   Sim já estou melhor dos sintomas,,,,,,,,
Nao paro de pensar mas nao melhora,,,,,,,,
Será q hj tem atendimento nos postos de saúde?,,,,,,,,
Eu choro constantemente,,,,,,,,
Amanhã de qualquer forma irei no caps,,,,,,,,
Sera q pode ser nervo,,,,,,,,
"Como tenho 70  anos, devo procurar atendimento em algum posto?",,,,,,,,
Casa,,,,,,,,
"Mas eu tenho sinusite, acho q é por isso",,,,,,,,
"É cheia, já estou tomando azitromicina há 3 dias",,,,,,,,
E mesmo assim o enfermeiro nos mandou embora,,,,,,,,
Tomo Dipirona,,,,,,,,
Mais do lado direito,,,,,,,,
Eu poderia praticar a meditação antes de sentir a falta de ar?,,,,,,,,
Perdi o olfato. Tô com muita dor de cabeça. Dor no corpo. Febre passou.,,,,,,,,
"Sim, irei hj a tarde",,,,,,,,
Sou obeso.,,,,,,,,
Para melhor a respiração tenho q tomar algum remédio.,,,,,,,,
Muita gente,,,,,,,,
Levanto e o mundo roda em torno de mim.,,,,,,,,
No momento  ñ,,,,,,,,
Quase n saímos mais de casa desde o início da Pandemia,,,,,,,,
"Pois é, isso que eu também tenho",,,,,,,,
Tipo multi grip,,,,,,,,
Estamos tds agora usando máscara,,,,,,,,
Tenho dois filhos,,,,,,,,
Tenho virus da herpes e tenho gastrite cronica,,,,,,,,
Tomei Tylenol ontem,,,,,,,,
Antes do dia 26 já estava assim,,,,,,,,
Só mais uma coisa. Hije faz 5 dias. É recomendável fazer esse teste hoje ou espero mais uns dias,,,,,,,,
Obrigado pela as orientações,,,,,,,,
Os dois,,,,,,,,
Por isso que eu estou falando com vcs,,,,,,,,
Estou sentindo muita nausea ai ja penso que é covid,,,,,,,,
Estou no quarto,,,,,,,,
"Tá, o olfato e paladar só perdi 5 dias depois do primeiro sintoma",,,,,,,,
e ele com 5,,,,,,,,
"Não sei se tive contato, fui em supermercado a dias atrás",,,,,,,,
Queria saber se tem como pelo menos a idosa fazer o teste do coronavírus,,,,,,,,
"Desculpa, acho que minha internet tá muito ruim",,,,,,,,
Entendi ..tenho Dipirona em casa....mas não utilizei ainda pois não senti nem dor nem febre,,,,,,,,
Apenas sinusite,,,,,,,,
Eu ja falei com vocês antes.  15/07/87,,,,,,,,
"Senti um pouco ontem a noite,  por isso tive dificuldades de dormir",,,,,,,,
"Não,apenas quando sentia dores na coluna.",,,,,,,,
"estão tendo febre toda tarde ,moleza no corpo",,,,,,,,
Quando a gente está meio tonto pode ser o que ?,,,,,,,,
Minha febre aumentou para 37.9,,,,,,,,
To com alcool gel sempre do meu lado,,,,,,,,
"Amém, to tentando demais",,,,,,,,
Se eu sentir dor de cabeça? Posso tomar dipirona?,,,,,,,,
"E com isso eu vou aprofundando, aprofundando.. vão vindo mais pensamentos,  sobre n coisas... Minha cabeça não para de pensar e eu tenho essas crises.",,,,,,,,
E ñ tô isolamento domiciliar ñ,,,,,,,,
De ter piora,,,,,,,,
Não. Ele não tá comendo bem,,,,,,,,
Ele disse que era,,,,,,,,
Tenho dorflex comprimidos. Posso tomar?,,,,,,,,
"Minha BB ,o de 4 e o de 6 estão com nariz escorrendo",,,,,,,,
Mas sempre temos contato uma com as outras,,,,,,,,
Pelo que descrevi vc qcha q pode ser o Covid,,,,,,,,
De como era minha vida antes e que uma hora isso vai passar e eu vou volta com a minha vida de antes,,,,,,,,
"Se a febre permanecer, sem a falta de ar ?",,,,,,,,
E agora começou muita dor no corpo e uma gripe,,,,,,,,
Quanto mg de dipirona?,,,,,,,,
Só Dipirona  tomei drami hoje,,,,,,,,
Eu faria o exame?,,,,,,,,
A maioria dos sintomas do virus,,,,,,,,
Mais tento me informar por aqui,,,,,,,,
E tô tomando chá mate pra aliviar meu colesterol,,,,,,,,
Não preciso ir na emergência?,,,,,,,,
"Muitíssimo agradecido, parabens pela disposição",,,,,,,,
"O medico psiquiatra que a acompanha, afirmou que a confusao poderia ser pelo uso da prednisona, o medicamento que estavamos dando para controlar os sintomas",,,,,,,,
E hoje se agravou mais,,,,,,,,
Oi Felipe :),,,,,,,,
Meche com nossa cabeça,,,,,,,,
Muito frio ate durante o dia,,,,,,,,
To muito  feliz de verdade pois foi Deus que colocou  vocês  ai pois eu tava com depressão  medo choro de tanto medo dessa doença  mais vocês me acalmaram  so muito grata por todo,,,,,,,,
Ficar ocilando sobe e desce,,,,,,,,
Esse cansaço é persistente ou ele pode passar?,,,,,,,,
Jogar,,,,,,,,
O medico passou remedio,,,,,,,,
"Estou somente um pouco de tosse , mas estou bem agora ...",,,,,,,,
Ernia,,,,,,,,
Temos convênio Unimed,,,,,,,,
Uma dor nao tao grande no pulmao/dorsal direito,,,,,,,,
Febre começou hj as 9 hrs. Agora está voltando . Tomei dipirona as 10,,,,,,,,
"Meu irmão me passou o número , uma forma de não se apavorar mais , já que as UPAs estão lotadas , os sintomas já tem alguns dias.",,,,,,,,
Meu marido desde ontem tbm adoeceu,,,,,,,,
Nem com ele e nem com a família dele,,,,,,,,
Tenho um amigo q recebeu a visita de equipe em sua residência,,,,,,,,
Passo gelol todo dia,,,,,,,,
O que já fiquei boa,,,,,,,,
Sum,,,,,,,,
Depois volta,,,,,,,,
Vc sabe dizer se é ordem de chegada?,,,,,,,,
Pra nao piorar fico puxando conversa com minha mae,,,,,,,,
Mas Não está atendendo,,,,,,,,
Por favor me desculpe mas estou com muito medo,,,,,,,,
Não. Pq o meu termômetro tá com defeito,,,,,,,,
Ela pegou em poeira hj de manhã,,,,,,,,
To me forçando a comer porque não sinto fome,,,,,,,,
"Não, a primeira vez",,,,,,,,
"Gripe normal.  Além da dor, agora só esse peso ao respirar, dor de cabeça, vontade de vomitar e diarréia.",,,,,,,,
Na nuca Nunca senti Sempre senti dentro do olho quando era enxaqueca,,,,,,,,
No caso estou com receio em ir no upa do jangurussu,,,,,,,,
Em relação aos outros sintomas.. Eu não ligo muito.. Tô bem.. Mas a dor que me preocupa.. É sinal de piora?,,,,,,,,
A família aqui toda está com suspeita de covid,,,,,,,,
Isso cai como uma bomba pra mim,,,,,,,,
Hj comecei a sentir novamente,,,,,,,,
Só sentindo frio,,,,,,,,
A dor é abaixo do peito e não há falta de ar,,,,,,,,
"Se precisarmos, temos que ir pra Upa?",,,,,,,,
Dei um coxilo e acordei sentindo meu corpo treno,,,,,,,,
Mas ela Me falou que logo volta ao normal,,,,,,,,
Só respiro pela boca,,,,,,,,
O médico não quis me dar,,,,,,,,
Ok! Mas onde poderia conseguir realizar o teste pra COViD,,,,,,,,
hoje eu to com mal estar e to meio puxando o ar,,,,,,,,
Idade 48,,,,,,,,
Morreu duas agentes de saúde,,,,,,,,
BOA TARDE,,,,,,,,
A temperatura??,,,,,,,,
Me ajudou bastante,,,,,,,,
E eu mesmo estou limpando eles,,,,,,,,
Tive febre dois dias,,,,,,,,
Procuro manter o máximo de cuidado,,,,,,,,
"Teve muita dor no corpo, febril e agora c tosse",,,,,,,,
Porém o médico já tinha saído e pediram pra ele retornar amanhã pela manhã,,,,,,,,
Cansaco fisico mesmo,,,,,,,,
Respiração quente,,,,,,,,
Pq já tomei remédio para melhorar .,,,,,,,,
Mais pelo pequeno período,,,,,,,,
"E faz uso constante de Artrolive, por conta de uma lesão no joelho",,,,,,,,
Tenho medo do exame,,,,,,,,
Estou tomando bastante vitamina c,,,,,,,,
Parado não,,,,,,,,
"Falta de ar,dor nas articulações tontura dor de cabeça falta de paladar e ofato",,,,,,,,
"Tbm tive diarréia em um dia, com chá de boldo melhorei.",,,,,,,,
Náuseas..mas por enquanto só um embrulho no estômago. Cheguei a tomar dramim e vonal,,,,,,,,
"Senti qdo tive a crise de tosse, pq tossi muito e cansei",,,,,,,,
Nao...comecei a sentir quando o médico mim.falou q poderia estar contaminado,,,,,,,,
Pois é ela não ouce nimguem,,,,,,,,
Como um atendente já tinha falado aí eles só fazem exames em pasciente graves então se eu for não vai adiantar nada então melhor ficar em casa,,,,,,,,
Ansiedade apenas.  Tomo alprazolan,,,,,,,,
"Não fui ao médico, Pensei ser um resfriado",,,,,,,,
Eu paro e volto para cama,,,,,,,,
Mas vou fazer assim,,,,,,,,
Um pouco 36.meio,,,,,,,,
Tô meio que apavorada,,,,,,,,
Hoje pela manhã me controle mais e está melhorando,,,,,,,,
Nessse momento,,,,,,,,
Está 38.2,,,,,,,,
O meu pai esta doente,,,,,,,,
Sim  ansiedade e que eu quero fica bom dessa coisa que tá aparecendo,,,,,,,,
"Muita tosse (seca) muita dor no corpo. Confusão mental durante a noite, soando muito durante a noite.  Ainda não foi ao médico. Começou já está. Com 3 dias",,,,,,,,
A moça mim falou ontem,,,,,,,,
E Estou isolado de todos,,,,,,,,
O difícil é ser atendida lá,,,,,,,,
Tenho plano de saude,,,,,,,,
E se a tosse persistir no período de 14 dias?? Pode tomar algum xarope? Ou é melhor procurar o posto de saúde mais próximo?,,,,,,,,
Mais de 6,,,,,,,,
Devido estar com a suspeita do vírus,,,,,,,,
Consigo sin,,,,,,,,
Obrigado pela atenção Valeska. Que Deus abençoe vc e a todos os profissionais da saúde.,,,,,,,,
Fiz gargarejo com agua morna e vinage e sal melhorou bastante,,,,,,,,
Sintomas de covid,,,,,,,,
estamos bem preocupados,,,,,,,,
Sobre o medo que estou!,,,,,,,,
Minha esposa,,,,,,,,
A senhora pode me informar por favor,,,,,,,,
"Não, notei que ela estava quente e dei Dipirona a ela",,,,,,,,
Uma sensação estranha no corpo,,,,,,,,
"Não, Deus abençoe vocês.",,,,,,,,
Sentindo também uma pressão no peito,,,,,,,,
Minha vó desmanhou ela tem problema de coração diabete pressão tá cega de um olho,,,,,,,,
Onriagda pela atenção,,,,,,,,
E nem ofegante,,,,,,,,
"Idade: 66; Problemas de Saúde: Comprometimento Respiratório, Síndrome de Sjogren, Hipotireoidismo; Contato: não; Medicamento: vários Azatioprina, HIDROXICLOROQUINA, Prednisona, Omeprazol, Euthyrox; Febre: 2 dias; Falta de ar: cansaço. Já sentiu antes; Sintomas nós últimos 14 dias: tosse, espirro, febre.",,,,,,,,
Eu comecei a me sentir febril,,,,,,,,
Ontem Ela soltou uns pus muito podre,,,,,,,,
"Eu tenho duvida em relação a esses sintomas, se tem os dias que eles aumentam ou continua assim mesmo?",,,,,,,,
Por que não tenho termômetro em casa,,,,,,,,
"Tem de uns 7 a 10 dias, por ai",,,,,,,,
"Desde sexta-feira sinto sintomas de gripe, resfriado",,,,,,,,
Vou ao posto de saúde logo tbm,,,,,,,,
"O que piora é meu pai me pressionando, falando coisas que me deixam pra baixo",,,,,,,,
Só dois,,,,,,,,
Posso está com o Vírus?,,,,,,,,
Desde quando começou a pandemia eu já fui ficando meio que assustado meio que neurótico com os cuidados,,,,,,,,
Tava tipo uns 115bpm,,,,,,,,
Não estou conseguindo se alimentar direito,,,,,,,,
"Falta de ar, não. E à noite, fico febril. Tou conseguindo controlar a febre com a Dipirona. É durante o dia, a temperatura é normal.",,,,,,,,
Não sei se é uma virose que eu possa tratar em casa ou se devo ir ao médico devido eu também ter lúpus,,,,,,,,
Vc aconselho eu tentar fazer aquele exame das farmácias?,,,,,,,,
Na minha casa meu esposo teve febre tosse por uns dias,,,,,,,,
"Com muito esforço, consegue sair da cama sim.",,,,,,,,
Sintomas de gripe,,,,,,,,
Já não estava mais né sentindo tão quente,,,,,,,,
Só a diarreia e dores nas pernas.,,,,,,,,
Sentiu falta de ar hoje de manhã,,,,,,,,
Sim estive dentro de casa sim,,,,,,,,
BENEGRIPE E O EXPECTORANTE,,,,,,,,
Pode ser o que?,,,,,,,,
É como se minha respiração não completasse. Fosse só até o estômago,,,,,,,,
Nao so tou comendo comidas leves e pouco,,,,,,,,
Com mal estar,,,,,,,,
Pk,,,,,,,,
"Chás,  sopas, sucos e frutas",,,,,,,,
Bom dia Maria eu estava dormindo e direpente eu amanhece com uma tosse e a minha garganta começou arder,,,,,,,,
A dor desde o início,,,,,,,,
Está com meia hora que eu tomei comprimido,,,,,,,,
Não vejo a hora,,,,,,,,
Sinusite apenas,,,,,,,,
Estou me alimentando normal,,,,,,,,
Os outros foram durante a semana,,,,,,,,
"Estou com muita dor de garganta, dor de cabeça, e uma moleza no corpo.",,,,,,,,
Com o incômodo na garganta,,,,,,,,
"Tenho uma bebê de 1ano e 7meses que ainda mama e mais 3 crianças,de 4,6,10",,,,,,,,
"Ok, irei levar ela.",,,,,,,,
Aerolin,,,,,,,,
Qual hospital mas próxima poderia ir aqui no Maracanaú,,,,,,,,
E próximo,,,,,,,,
Durante a noite,,,,,,,,
Ele  também  está  sendo acompanhado  como  eu estou,,,,,,,,
"Aqui tem um posto, só que só funciona amanhã, a UPA é lotada, tenho medo de passar para outras pessoas",,,,,,,,
só diarreia  começou  ontem,,,,,,,,
Voltar lá,,,,,,,,
Quais os sintomas do coronavirus?,,,,,,,,
"Nesse caso, quantos dias terei que manter o isolamento ?",,,,,,,,
Estou com medo do corona aqui por conta dela,,,,,,,,
Quanto tempo minha mãe precisa ficar isolada e sem ir ao trabalho?,,,,,,,,
No momento tenho apenas paracetamol em casa,,,,,,,,
Vc acha que posso ter uma pneumonia,,,,,,,,
Então?,,,,,,,,
A propria medica discordou da chefe quando nao acatou o que vcs ja haviam orientado,,,,,,,,
Mais não senti mais não,,,,,,,,
Mais não estou direto,,,,,,,,
Só ontem que ela tava com nariz escorrendo e tossindo,,,,,,,,
Eu não sou uma pessoa em estado grave com esses sintomas?,,,,,,,,
Minha irmã ? Depois do dia 21 ficou bem,,,,,,,,
Ai acelera e sinto cansaço,,,,,,,,
Quando falo ou faço atividade,,,,,,,,
E a falta de apetite  que aparece derrepente,,,,,,,,
Já,,,,,,,,
"Prq tem dia que eu me sinto melhor, mas tem dia que parece q piorq",,,,,,,,
S,,,,,,,,
A medica passou a bombinha de Clenil e nimesulida 100mg pro vermelhidão na garganta,,,,,,,,
Eu estou tomando vitamina C e loratadina,,,,,,,,
Estou preocupado porque moro com a minha vó,,,,,,,,
Fico isolado no quarto aqui,,,,,,,,
"Continua com a tosse, dor de cabeça e dor no corpo. Existe algum remédio para amenizar?",,,,,,,,
Viu Deus te proteja,,,,,,,,
Tenho uma filha de 16 anos que tbm perdeu  o olfato  e paladar  e congestionada,,,,,,,,
"Eu tomo o Paco, que só é vendido com recrita médica. No momento, eu só tenho um comprimido.",,,,,,,,
Gostaria muito,,,,,,,,
Qse desmaio,,,,,,,,
Não vou menor. Estou usando ele,,,,,,,,
Teve vômito depois de disso,,,,,,,,
Com dor nos olhos,,,,,,,,
não estou usando descongestionante,,,,,,,,
Pode ser Dipirona,,,,,,,,
"Passei a semana verificando minha temperatura com um aparelho digital mas não tinha febre, as vezes dava 35.6 ou subia e fica só no 37.1",,,,,,,,
Vou fica em isolamento,,,,,,,,
E uma leve dor no tornozelo tb,,,,,,,,
Ok vou pela tarde,,,,,,,,
Que ela está com os sintomas 9,,,,,,,,
o jeito q me deito,,,,,,,,
A falta de ar aliviou,,,,,,,,
As minhas narinas doem um pouco e uma pequena dor de cabeça,,,,,,,,
Nos sentimos mais aliviados,,,,,,,,
Tenho que me afastar dele?,,,,,,,,
Já me sinto um pouco melhor.. Só a dor que estou na costas.. Que incomoda,,,,,,,,
Não só febril,,,,,,,,
Vamos fazer no terceiro então,,,,,,,,
N tuso mais,,,,,,,,
Tenho dúvida com a questão do isolamento,,,,,,,,
Meu PCR deu 10.9,,,,,,,,
Tenho gastrite cronica,,,,,,,,
São verdadeiros?,,,,,,,,
só isso mesmo,,,,,,,,
É consequência da tosse. Tomei aerossol,,,,,,,,
sinto,,,,,,,,
Pq eu sentia muita dor no corpo e tinha diarea e só no segundo dia fui ter torce,,,,,,,,
Não posso voltar às minhas atividades normais?,,,,,,,,
Ler livro eu não consigo le-lo até o final,,,,,,,,
garganta não inflamou só irritou,,,,,,,,
Tô de olho nela,,,,,,,,
Eu engulo tem tipo um entalo.,,,,,,,,
"E eu, minha esposa e minha filha na nossa casa",,,,,,,,
É q eu estou com dor forte no peito e foi torcindo muito e tenho pressão  altar,,,,,,,,
Estou com Corona ?,,,,,,,,
Ela tem 71 anos,,,,,,,,
"Apenas não a febre e dores no primeiro a noite, madrugada",,,,,,,,
Porque moramos com meus pais,,,,,,,,
Ele tem uma leve arritmia,,,,,,,,
Medi agora 36.8,,,,,,,,
Devo ir ao upa,,,,,,,,
Pouca coisa,,,,,,,,
Sim assistir algum filmes e jogar videogame.,,,,,,,,
"Minha garganta esta arranhando...nao tenho secreção. Mas ao menos uma vez por minuto, tenho sentido vontade de tossir",,,,,,,,
Só tiro quando eu estou no quarto,,,,,,,,
Sintomas de uma gripe,,,,,,,,
Eu tenho crises de choro isso tudo tá me fazendo muito mal,,,,,,,,
Minha esposa Esta com os mesmos sintomas ela tem historico de asma e pico de pressao,,,,,,,,
"Não consigo me alimentar direito estou sem vontade de comer,",,,,,,,,
Mais nao fico como se estivesde cansada,,,,,,,,
Acho que é do mesmo jeito não sei dizer. Mas não consigo dormir me sentindo mal .,,,,,,,,
Estou bem graças a Deus,,,,,,,,
Essa doênça,,,,,,,,
Estou com muita fraqueza,,,,,,,,
A enfermeira da farmácia falou que não tem puz apenas esta um pouco inflamada.,,,,,,,,
"Por enquanto não, hoje teve febre por volta de meio dia, mas não teve nada de novo!",,,,,,,,
"Esposa, mãe e irmão.",,,,,,,,
"Mas preciso ir no posto ou upa?? Pq passar 14 dias isolado, mas eu trabalho...",,,,,,,,
E a respiração está ótima,,,,,,,,
E aí doutora eu estou com coronavirus e vou morrer em casa,,,,,,,,
Não está mais entupido,,,,,,,,
"Não fui, hoje amanheci um pouquinho melhor,  sem febre.",,,,,,,,
Estou tomando remédio pra resfriado,,,,,,,,
"Mas a dor do estômago continua, e da tarde pra cá venho sentindo meu corpo formigando direto.",,,,,,,,
Segunda feira começou anoite febre com calafrios,,,,,,,,
Coriza constante,,,,,,,,
Mais não estou sentindo mais nada,,,,,,,,
Não. Eu sou bem resolvido quanto a isso.,,,,,,,,
"Corpo dolorido, e tosse desde terça",,,,,,,,
"sim eu tinha em casa desloratadina, pois sempre uso devido a sinusite",,,,,,,,
Talvez tenha sido mesmo os exercicios,,,,,,,,
Desde terça feira,,,,,,,,
Hj que eu comprei o termômetro. Mais deu 37.7,,,,,,,,
Associado ao nervosismo também.,,,,,,,,
E quanto ao não estar,,,,,,,,
E se eu morar com os meus familiares e eles tiver a idade acima de 40 Anos? Tem problema está na mesma residência ?,,,,,,,,
Já estou em contato com vcs alguns dias.,,,,,,,,
Mas que queria um atendimento para meu pai. Ele hoje desmaiou.,,,,,,,,
"sim, glifage, vitamina d e 1 pro colesterol",,,,,,,,
Sinto mais a noite ao deitar.,,,,,,,,
Se cuidem,,,,,,,,
Pois já faz mais de 20 dias,,,,,,,,
Dra é que eu escutei um chiado como se fosse de catarro na garganta é possível?,,,,,,,,
Mãis assim como tá com essa febre a senhora acha que ele fica emternado,,,,,,,,
Estou em Fortaleza a família foi me buscar,,,,,,,,
Até queria ir na upa mais tô é com medo devido o fluxo de gente inferctado,,,,,,,,
Além disse estou com paladar e olfato diminuídos,,,,,,,,
"Comecei a sentir os sintomas de primeiro , não precisei ir pra hospital não",,,,,,,,
Quando fico doente,,,,,,,,
Eu eu sofro tb fibromialgia,,,,,,,,
Hoje ela apresentou febre agora a tarde e a tosse,,,,,,,,
"As minhas atividades atuais não, por exemplo, eu faço as coisas em casa normalmente",,,,,,,,
Só estou tomando as medicações para pressão e diabete que tomo todos os dias.. vitamina de A a Z,,,,,,,,
E corticoide,,,,,,,,
Caso esteja contaminado o q acontece,,,,,,,,
Diarréia e febre isolada,,,,,,,,
Minha preocupação é isso,,,,,,,,
so outra pergunta  apessoa pode pega 2 esse virus,,,,,,,,
Eu tive contato com ela,,,,,,,,
Mas preciso de atestado,,,,,,,,
"Boa noite, meu pai está com dor de cabeça e diarreia. Verifiquei a temperatura (36,8° e 36,5°)",,,,,,,,
Sim conheço porém quando me ataca forte tipo ontem eu não consigo ter o alto controle,,,,,,,,
Também estou achei que era apenas crise alérgica,,,,,,,,
"Hoje senti um mal estar,  suor frio como se fosse desmaiar",,,,,,,,
Fico desesperado,,,,,,,,
Me distrai muito,,,,,,,,
Só sai sábado pra levá-la ao posto,,,,,,,,
Acredito estar melhor que ontem,,,,,,,,
To começou de ontem pra hoje,,,,,,,,
Fui ao posto de saúde e também me recomendaram o isolamento por 14 dias,,,,,,,,
"Estava com nariz muito congestionado, tosse cheira e não sinto cheiro nem sabor",,,,,,,,
Isso também me preocupa,,,,,,,,
Continuo assim,,,,,,,,
Meu esposo esta com os mesmos sintomas que eu devo me afasta dele tambem,,,,,,,,
O psicólogo não pode receitar nenhum remédio?,,,,,,,,
Meu nome é Regina Nascimento Mesquita tenho 57 anos trabalho no hgf aqui em Fortaleza e tá com mais ou menos uma semana que eu tô sentindo vem sentindo só aquela morrinho no meu corpo não tenho febre mas fico febril fico mole né Agora eu tenho problema de rinite alérgica e eu nunca sei se eu tô com Inicial com essa doença porque eu sinto assim eu espirro pouco não é muito espirro pouco né sinto assim a minha garganta ardendo um pouquinho não tenho dor de garganta né e assim eu tô sentindo muita dor na minhas costas aqui na minhas costas trabalho sentada também no hospital trabalhando sentada não sei se é isso né o,,,,,,,,
Melhorei da do dicabeca,,,,,,,,
Pra não precisar ir pra upa.,,,,,,,,
Obg..bom dia,,,,,,,,
Devo prosseguir?,,,,,,,,
Celular atrapalha em alguma coisa ?,,,,,,,,
"Como se eu tivesse dormido de mal jeito, machucado. Fica tensionada e dói quando mexo a cabeça",,,,,,,,
Mas graças a Deus que falta de ar não.,,,,,,,,
"Só essa tosse cheia, que tá forte..",,,,,,,,
"Não sei te informar, ele estava trabalhando até o momento e teve contato com algumas pessoas",,,,,,,,
Mais alguma orientação?,,,,,,,,
Ele só passou essas coisas para tomar em casa não,,,,,,,,
Só fiquei mais nervosa por pensa que fosse do covid,,,,,,,,
E tem catarro amarelo mas pouco,,,,,,,,
Tá bom muito obg,,,,,,,,
Uma dor lateijante só do lado esquerdo,,,,,,,,
Um pouco! Mais nem sempre,,,,,,,,
Isso também é sintoma de covid?,,,,,,,,
Cpf eu n tenho,,,,,,,,
não sei o que é prostração kk,,,,,,,,
É quando fico muito nervosa a pressão sobi,,,,,,,,
E caminhar,,,,,,,,
Eu estou com a garganta irritada cansaço e perda de olfato,,,,,,,,
"Não sei responder ,pq estou  sentada ou de pé e derrapante começa",,,,,,,,
"Não, pois não tenho termometro",,,,,,,,
A noite piora,,,,,,,,
Vai completar,,,,,,,,
Como não posso ir pra um hospital me consultar eu tô com medo de ter a ver com covid,,,,,,,,
Começou a três dias,,,,,,,,
Mais nao tenho muita vontade de beber agua,,,,,,,,
Hoje amanheci  sem ofato estou muito preocupada.ja tentei de vários cheiros mas não consegui sentir,,,,,,,,
Na terça feira,,,,,,,,
"Normal ,12x6",,,,,,,,
Tô do mesmo jeito,,,,,,,,
Por enquanto é so,,,,,,,,
Só gripado,,,,,,,,
muito medo de morrer,,,,,,,,
Dor no olho,,,,,,,,
"A síndrome gripal é recorrente de que? Desculpa, não compreendo mto sobre.",,,,,,,,
Sim tem alguns momentos que fica,,,,,,,,
Oi. Boa noite. Você consegue resgatar o atendimento anterior?,,,,,,,,
"Fora a UPA, qual poderia ser?",,,,,,,,
"Mas não estou com nariz escorrendo, nem febre, nem dor no corpo",,,,,,,,
Meu pai foi no médico do posto hoje  mas não conseguiu atendimento  com o mesmo médico que atendeu ele da outra vez.,,,,,,,,
"Já faz um tempo não sei a data certa, procurei pra tirar duvida, e na intenção de não  precisar procurar o servico medico publico.",,,,,,,,
Desorientação e tontura,,,,,,,,
De fraqueza,,,,,,,,
"Apesar de ter tido praticamente todos os sintomas, hj estou bem,tenho tosse e fartio ainda é um pouco de dor de cabeça, Vc acha necessário mesmo que eu ainda faça esse teste?Já estou com 17 dias",,,,,,,,
Numa consulta virtual,,,,,,,,
Satisfeita,,,,,,,,
Durante o dia ele espirrou varias vezes,,,,,,,,
Eu moro sizinho,,,,,,,,
To na duvida se devo ir ao posto de saude,,,,,,,,
Vou tentar me informar amanhã cedo,,,,,,,,
"Mas estamos prontos para levá-lo ao Hospital São Matheus caso a queixa se agrave, ja entrei até em contato com o hospital",,,,,,,,
"Até então, estava bem",,,,,,,,
As 18,,,,,,,,
medi mas acho q meu termômetro tá quebrado,,,,,,,,
Sim pode ser,,,,,,,,
Muito obg pelo atendimento,,,,,,,,
fica sim,,,,,,,,
"Estou tossindo bastante, mas não sinto falta de ar",,,,,,,,
Sou diabético e hipertenso. Há dois dias estou c uma tosse com catarro e febril,,,,,,,,
A q está doente,,,,,,,,
Pra q?,,,,,,,,
"Verifico minha pressão e vejo que está regular, mas que minha frequência cardíaca fica em geral acima dos 100bpm.",,,,,,,,
Sem vontade de comer.,,,,,,,,
"Cansaço, moleza no corpo",,,,,,,,
"Ela tá dormindo agora, eu tô achando a respiração dela um pouco rápida",,,,,,,,
"Não, estou satisfeita e agradecida.",,,,,,,,
Mais não me atendem,,,,,,,,
No 8 dia de sintomas ja que coriza me apareceu na quarta,,,,,,,,
"Ok, obg",,,,,,,,
Que bom Dr. Obrigado,,,,,,,,
Moça não estou falando de outra pessoa não é de me mesmo !,,,,,,,,
Ontem e hoje ela ficou com mais frequência,,,,,,,,
Falta de apetite. E dores pelo corpo.,,,,,,,,
Eu gosto de praia,,,,,,,,
"Oi, desculpa, vou seguir as orientações anteriores, estou com os mesmos sintomas que antes mas com falta de ar",,,,,,,,
O cômodo maior é a falta de ar,,,,,,,,
Nao. O bebe ja tem 9 meses,,,,,,,,
1 mês e 20 dias,,,,,,,,
"Boa noite! Estou tipo inquieto, sei lá pra mim a minha respiração quer parar, não q esteja, não sei se é apenas ansiedade .",,,,,,,,
Ano passado dezembro,,,,,,,,
"Estou tomando dorflex pra dores no corpo, acredito que estou meio febril",,,,,,,,
Não comecei a vitamina C ontem mas a dipirona foi desde quando comecei a sentir dor de cabeça,,,,,,,,
Tem hora q penso q és nos rins,,,,,,,,
"Sim, estou bem",,,,,,,,
E eu estou com medo de dormir e ficar sem ar,,,,,,,,
"é ótimo conversar com alguém que não seja meu namorado, ele sempre me escuta mas sempre fala o que eu quero ouvir e as vezes é bom escutar conselhos de outra pessoa.",,,,,,,,
A situação que o mundo está,,,,,,,,
E um pouco de dor no peito.,,,,,,,,
"Queria achar uma coisa que eu goste,que mim atraia",,,,,,,,
"Eu tenho saído apenas para super e vou sempre protegido, mas não sei",,,,,,,,
Tô internada,,,,,,,,
E para a pressao alta ela toma Losartana,,,,,,,,
Pq só tem um compartimento,,,,,,,,
"Em casa, sem sair, tendo todos os cuidados, estudando , cuidando do marido",,,,,,,,
So fiz inalação,,,,,,,,
Com ou sem acucar,,,,,,,,
Não Tomo nenhum remédio,,,,,,,,
Gotas,,,,,,,,
"Agora eu estou muito tonta e suando, acha que pode ser apenas uma taquicardia por conta da bombinha?",,,,,,,,
2° consegui dormir bem,,,,,,,,
Sem problema. Deve estar com muitas  pessoas.  Eu entendo,,,,,,,,
Eu acho que eu vou no hospital,,,,,,,,
Dipirona e tomando cha de gengibre limão e mel,,,,,,,,
"Dor de garganta, muita moleza no corpo, falta de apetite, náuseas, falta de paladar (só sente açúcar e sal), e aperto no peito e costas",,,,,,,,
Quais posso tomar para melhorar a dor e a obstrução nasal,,,,,,,,
Um pouco febril e dores no corpo,,,,,,,,
Mas não dei continuidade,,,,,,,,
"Fiz exercício, fico ofegante, solto o ar mas quando respiro para colocar as nos pulmões,  sinto que fico necessitando de mais ar, como se o não  fizesse efeito.",,,,,,,,
MAS A SENHORA ACHA Q TEM NECESSIDADE DIANTE DOS MEUS SINTOMAS,,,,,,,,
"Pois vou procurar este posto sim, estou preocupada, principalmente pelo meu filho.",,,,,,,,
Fui nos hospitais do meu plano saúde e os mesmos ñ estão atendendo ninguém isso pode hospital negar atendimento,,,,,,,,
Tive que respira pela boca,,,,,,,,
Só mas uma pergunta,,,,,,,,
Igualmente Dayanne,,,,,,,,
"Pentear o cabelo sim,mas quando eu como a escovar os dentes eu fico com falta de ar",,,,,,,,
Tenho um oxímetro aqui em casa q eu estou olhando durante o dia como está o oxigênio já q eu vi q esse aparelho é importante,,,,,,,,
"Mas, se vc puder falar, pelo menos vejo se estou fazendo certo",,,,,,,,
"Dor nas costas,febre e uma indisposição",,,,,,,,
Meu filho teve atendimento. Tem 26a,,,,,,,,
E tomo o que??,,,,,,,,
pq eh só morte e desesperança,,,,,,,,
Minha familia.,,,,,,,,
Tem mais 3 pessoaa na minha casa incluindo meu filho,,,,,,,,
Boa noite Naiara estou com tosse a 3 Dias e estou tomando loratadina,,,,,,,,
Pode mandar,,,,,,,,
Remédio para garganta.,,,,,,,,
Puran t4 100 mcg,,,,,,,,
Não obg Naiara,,,,,,,,
O que mais incomoda é essa pouca falta de ar e essa gastura muito grande,,,,,,,,
"E hj eu amanheci com garganta meio inflamada ,",,,,,,,,
Quando eu estou assim,,,,,,,,
Tomei só dipirona ontem mais evito não gosto de me automedicar,,,,,,,,
Tomo dipirona de novo?,,,,,,,,
"Tomo ibuprofeno, mas quando passa o efeito a febre volta",,,,,,,,
"Eu estou melhor, mais n posso consumir bebidas alcoólicas?",,,,,,,,
Eu devo tomar em quantas horas a Dipirona ?,,,,,,,,
Mas também com essa consulta Dr estou ficando menos nervoso,,,,,,,,
Mas não estou conseguindo dormir direito pois a falta de ar piora no momento em que vou dormir,,,,,,,,
Mas posso tomar dipitona e algum chá?,,,,,,,,
Fui me consultar uma vez só,,,,,,,,
"Tomo banho, vou ao banheiro,mas fico mais de repouso.",,,,,,,,
Ele disse que está só com um incômodo na garanta mas  não é dor..,,,,,,,,
Tenho tossido,,,,,,,,
"No dia 20,21 e 22 tive contato com uma pessoa q foi confirmado mas não sabia",,,,,,,,
Vcs orientam algum procedimento? Que eu deva solicitar?,,,,,,,,
Loratadina e Dipirona,,,,,,,,
"Gostaríamos de tirar dúvidas. Minha mãe alem da tosse, está com a respiração curta (não é falta de ar)",,,,,,,,
Sempre mudo,,,,,,,,
Pressão alta,,,,,,,,
Estou fazemdo isso,,,,,,,,
Minha filha começou um quadro de febre agora a noite o remédio que tenho no momento e cimegripe em capsulas ela com apenas 10 anos pode tomar,,,,,,,,
So nao sei se esta aberto,,,,,,,,
Mandaram eu tomar ele de 8h em 8h.,,,,,,,,
Vou sim.,,,,,,,,
"certo , nesse caso que seria me orientado?",,,,,,,,
E quando a “dor” vem,,,,,,,,
Mais vc acho que tevo faz ou fica em casa,,,,,,,,
Sim medi,,,,,,,,
Não obrigado.,,,,,,,,
"Não, obrigado.",,,,,,,,
"Agora, a última glicose que vi deu 208",,,,,,,,
Já A caminho do hospital,,,,,,,,
Me sente so mundo em sabe que nao pode ir no medico isso me dava mais dessepero muito obrigada  Deus abençoe  vocês,,,,,,,,
Onde devo procurar atendimento médico se precisar?,,,,,,,,
Acho melhor eu ir se piorar,,,,,,,,
Como e seu nome por favor?,,,,,,,,
Eu sou asmática e hoje acordei bem pior tossindo bastante,,,,,,,,
E tipo agente consegui inpirar pelo nariz so que com muita dificuldade como se tivesse com uma mais  bem vedada,,,,,,,,
Quando para o comprimido a febre volta,,,,,,,,
E essa secreção  no meu peito,,,,,,,,
"Estou preocupado, gostaria de fazer o teste?",,,,,,,,
não estou gripada,,,,,,,,
6/6 horas,,,,,,,,
E Tenho Sinusite e Asma,,,,,,,,
Se eu não melhorasse ligasse novamente,,,,,,,,
E a tosse que não tem fim.,,,,,,,,
Errada,,,,,,,,
Esta espirrando muito,,,,,,,,
Sem falta de ar hoje So ao fazer esforço como subir escada,,,,,,,,
Está bem fraca,,,,,,,,
Eu agradeço a atenção!,,,,,,,,
Não tem ânimo,,,,,,,,
Ontem a tarde de uma hora para outra ela começou a sentir febre esmoresseu de uma vez,,,,,,,,
Na casa dos 180,,,,,,,,
Não consigo subir escadas como antes,,,,,,,,
Igual quinta feira,,,,,,,,
N uso nenhum remedi,,,,,,,,
Quero ajuda sim.,,,,,,,,
Também acho. Vc acha que pode ser chinkunkunha?,,,,,,,,
"Qualquer coisa que envolva meus avós, tenho muito medo de perde-los. Medo de sair, trazer o vírus, infectar eles.",,,,,,,,
so outra informação eu tipo calafrios,,,,,,,,
Mais no período da noite,,,,,,,,
E boa a sensaçao,,,,,,,,
"Certo! Vamos procurar algum local para atendimento, qualquer dúvida retornaremos",,,,,,,,
Seguiremos com os cuidados.,,,,,,,,
"Ainda não, sem termômetro",,,,,,,,
3 dias atrás,,,,,,,,
Onde há algum ponto que seja certo o atendimento?,,,,,,,,
Agora ta doendo quando engulo,,,,,,,,
Não nunca,,,,,,,,
"Sim, tudo bem",,,,,,,,
"Somente com dor de cabeça, indisposição e diarreia",,,,,,,,
Vai,,,,,,,,
Pra ele me ver em video,,,,,,,,
O que tem no google diz que não existe,,,,,,,,
Me senti mal agora pela amanhã,,,,,,,,
Estou desesperado,,,,,,,,
"Somente isso,pode ser sitomas coronavirus",,,,,,,,
As vezes sim ..,,,,,,,,
Tomo um losartana 50mg pela manhã,,,,,,,,
E dor pelo corpo,,,,,,,,
"Então  amanhã vou ficar atenta....muito obrigada, boa noite!!",,,,,,,,
Vou levar no posto de novo.,,,,,,,,
Pior,,,,,,,,
Vamos começar de amanhã,,,,,,,,
"Não. Nem febre, nem falta de ar ou tosse",,,,,,,,
Fiquei febril a noite,,,,,,,,
Nesse exato momento estou tomando aerosol,,,,,,,,
No dia que eu fui eu não tava,,,,,,,,
Tenha uma ótima noite.,,,,,,,,
Não sei identificar dea,,,,,,,,
Hoje fará 5 dias,,,,,,,,
Devo me afastar deles,,,,,,,,
Dipirona pra dor de cabeça,,,,,,,,
Fadiga cansaso,,,,,,,,
Esse até fomento é para minha mãe.,,,,,,,,
Não. O está incomodando é não senti o cheiro. O que é isto. Tomei soro caseiro e melhorei da diarréia.,,,,,,,,
Como se não tivesse saido,,,,,,,,
"Não tenho como ir, pois minha bebê mama e seria arriscado levá-la comigo em uma upa",,,,,,,,
"Não,senti fome fui comer não consegui aí fiquei com ânsia de vomito",,,,,,,,
Resfrinol eu tomo também,,,,,,,,
"Há 8.ou 10 dias de febre, c dor de cabeça",,,,,,,,
"Tudo ótimo, estava pensando nisso mesmo",,,,,,,,
Mas você acha melhor a gente ir ?,,,,,,,,
Devo procurar um hospital? Como faço pra fazer o teste pra Covid?,,,,,,,,
Talvez algum vídeo!,,,,,,,,
Meu irmao morreu a 15 dias,,,,,,,,
Fiz uns exames,,,,,,,,
Mais ja tenho costume de toma a amoxilina não me faz mal só não sou muito chegado no gosto dela,,,,,,,,
Nós tínhamos,,,,,,,,
O dia deitada,,,,,,,,
Vou ligar pro SAMU então,,,,,,,,
Meu esposo está na mesma situação. Ele tem problema cardíaco,,,,,,,,
Ótimo atendimento,,,,,,,,
Fiquei com receio dele contaminar alguém,,,,,,,,
Lembre-se,,,,,,,,
Tentei comprar nimesulida mas não consegui contato com a garganta,,,,,,,,
Eu queria sabe se na próxima semana eu já posso viajar para outra cidade ?,,,,,,,,
Pra dor no corpo é indicado nimesulida?,,,,,,,,
"Ainda de quarentena dentro do quarto, sem sair",,,,,,,,
Pode passar endereço?,,,,,,,,
Tbm tenho azitromicina em casa,,,,,,,,
"Pela manhã eu tomo vitamina C, com Imunoglucan, a noite chupo uma laranja, depois tomo um chá de limão com alho a azitromicina",,,,,,,,
mas posso tomar erosol com o soro ou não é uma boa,,,,,,,,
Sim até mais,,,,,,,,
Não sei se os postos estão exclusivo pra covid,,,,,,,,
qria algo pra melhorar a falta de ar,,,,,,,,
Testei positivo,,,,,,,,
Agradeço as informações,,,,,,,,
Não por enquanto so isso mesmo,,,,,,,,
"O homem identificado acima é meu pai. Ele estava com febre de 39.1 até agora pela manhã. Demos paracetamol  e agora ela baixou para 37. Estava com muita diarréia, mas agora está melhor.",,,,,,,,
Como saberemos se realmente estão com covid ?,,,,,,,,
Passou a noite ontem e o dia hoje fez raio x,,,,,,,,
As vezes mais e porque tenho rinite a poeira,,,,,,,,
Bem só um pouco de febri,,,,,,,,
Mas.. tá muito sazonal,,,,,,,,
"Foi muito ruim, tem como ser o covid mesmo sem sentir febre?",,,,,,,,
Dipirona comprimento 500gr,,,,,,,,
Então vou onde ?,,,,,,,,
Boa tarde Renata,,,,,,,,
"hoje de manhã quando eu acordei, não tava doendo tanto, mas no decorrer do dia, vai voltando a dor intensa",,,,,,,,
Hoje ela teve diarreia,,,,,,,,
"Sim, ocorre",,,,,,,,
No caso o atendimento é para meu filho de 8 anos,,,,,,,,
Tomo da enxaqueca,,,,,,,,
Sim. Fico um pouco corpo mole,,,,,,,,
Estoy muito preocupada com essa perda de alfato,,,,,,,,
Porque a última coisa que quero é ir na emergência,,,,,,,,
Está bem...gracas a Deus,,,,,,,,
senti um pouco ontem a noite,,,,,,,,
"Não , tomei dipirona para febre",,,,,,,,
Moro com meu marido,,,,,,,,
Fica em casa,,,,,,,,
Deu certo?,,,,,,,,
"nestes ultimos dias tenho sentindo mal estar, cansaço fisico, dores no peito, dificuldade de respirar e falta de olfato e paladar",,,,,,,,
Mais tomei e não está passando,,,,,,,,
Sou esposa dele,,,,,,,,
E de  ontem pra ka minha pressão está alterada,,,,,,,,
Estou muito no escuro,,,,,,,,
Posso mandr um audio pra explicar melhor,,,,,,,,
Não! Apenas atendimento aqui pelo WhatsApp,,,,,,,,
Hoje a tontura tá pior,,,,,,,,
Eu marquei uma consulta com um clínico geral dia na segunda.,,,,,,,,
"Sem paladar é olfato, garganta querendo inflamar e nariz querendo entupir",,,,,,,,
Tô isolada em um quarto,,,,,,,,
Manteve,,,,,,,,
Já que não tem medicação específica,,,,,,,,
"Se não melhorar hoje, o que eu faço?",,,,,,,,
Posso mostrar a foto da mancha? Ela está se transformando em ferida,,,,,,,,
E queria saber também se posso usar vick,,,,,,,,
E ontem eu tomei o koide D,,,,,,,,
Enfermaria,,,,,,,,
"Febre persistente de 37,8 está tomando dipirona de 6 em 6 horas  Quando passar o efeito do remédio volta a febre E está com falta de apetite",,,,,,,,
Certo vou providenciar,,,,,,,,
Eu moro na Barra do Ceará sabe dizer se tem algum perto?,,,,,,,,
Todos esses sintomas consigo controlar com os medicamentos.,,,,,,,,
Achamos que poderia ser da diabete pq ela sempre fica um pouco,,,,,,,,
Ele estava em enrolamento na casa da mãe dele,,,,,,,,
Já  que ela tem estado a ter contacto com os netos,,,,,,,,
Só atendem quem chega de ambulância,,,,,,,,
E xarope loratadina,,,,,,,,
Ou seja seca,,,,,,,,
Sou diabético e hipertenso tenho 68 anos,,,,,,,,
6 pegaram,,,,,,,,
Mas consigo levar ar para os pulmões,,,,,,,,
"Ok, eu estou indisposto, me sinto cansada quando  estou fazendo  algo,  ñ  sinto  gosto nem cheiro",,,,,,,,
Grato.,,,,,,,,
"Sim, tenho problemas de pressão e sou cardíaco.",,,,,,,,
"Minha falta de ar está menor, dor nas costas também, tosse é mais quando falo",,,,,,,,
Falta de apetite também,,,,,,,,
Amém!!!,,,,,,,,
Ontem comecei a melhorar da gripe,,,,,,,,
Posso tomar o tamifu  ?,,,,,,,,
"Não fica vermelho, pois evito coçar muito",,,,,,,,
Sim estou gripada,,,,,,,,
diarreia e dor nos olhos,,,,,,,,
E sábado amanheci com a garganta enflamada,,,,,,,,
Tô mais preocupado com ela,,,,,,,,
E ela ta se alimentando bem e bebendo mt agua,,,,,,,,
Consigo respirar melhor agora.,,,,,,,,
A dipirona serve para desinflamar ?,,,,,,,,
Ela fica indo e voltando,,,,,,,,
Desde quara,,,,,,,,
"Sim, temperatura do corpo anda 36",,,,,,,,
acho que aqui não tem termômetro,,,,,,,,
Tô com de perder meu marido,,,,,,,,
Um cansaço,,,,,,,,
vou usar p verificar,,,,,,,,
Um pouco de aperto no torax,,,,,,,,
Percebi fala de olfato ontem,,,,,,,,
